Name,Department,Salary
Alice Johnson,HR,54000
Alice Johnson,Marketing,57000
Alice Johnson,IT,75000
Bob Smith,Finance,72000
Bob Smith,Support,53000
Bob Smith,Sales,71000
Charlie Lee,IT,83000
Charlie Lee,Finance,80000
Charlie Lee,HR,67000
Eva Chen,HR,60000
Eva Chen,Sales,62000
Eva Chen,Marketing,63000
Frank Miller,IT,65000
Frank Miller,Support,65000
Frank Miller,Finance,76000
Grace Walker,Finance,76000
Grace Walker,IT,79000
Grace Walker,Sales,71000
Henry Adams,HR,61000
Henry Adams,Support,52000
Henry Adams,Marketing,61000
Ivy Brown,Support,51000
Ivy Brown,Marketing,61000
Ivy Brown,HR,53000
Jack Wilson,Marketing,68000
Jack Wilson,Support,62000
Jack Wilson,Finance,69000
Karen Davis,Finance,73000
Karen Davis,HR,72000
Karen Davis,Sales,71000