Name,Age,Salary,Department
Alice Johnson,29,55000,HR
Bob Smith,35,72000,Finance
Charlie Lee,42,81000,IT
,28,46000,Marketing
Evelyn Carter,31,,Sales
Frank Miller,37,69000,HR
Grace Walker,,58000,IT
Henry Adams,45,91000,Finance
Ivy Brown,26,41000,Support
Jack Wilson,33,64000,Marketing
Karen Davis,,70000,Finance
Leo Evans,39,76000,
Mona Harris,41,82000,IT
Noah Clark,30,52000,Sales
Olivia Lewis,27,47000,HR
Peter Young,34,,Finance
Quinn Scott,38,73000,Support
Rose Carter,44,86000,Sales
Sam Turner,29,54000,
Tina Morris,32,60000,Marketing